﻿<?xml version="1.0" encoding="utf-8"?>
<Elements xmlns="http://schemas.microsoft.com/sharepoint/">
  <ListInstance Title="LookupField" OnQuickLaunch="TRUE" TemplateType="100" Url="Lists/LookupField" Description="My List Instance">
    <Data>
      <Rows>
        <Row>
          <Field Name="Title">M.Qassas1</Field>
          <Field Name="LookupFieldSingleValue">1;#</Field>
          <Field Name="LookupFieldMultipleValue">1;#;#2;#</Field>
          <!--Try 1;#LV1;#2;#LV2;#3;#LV3. Each item seperated by ;#-->
        </Row>
      </Rows>
    </Data>
  </ListInstance>
</Elements>