﻿<?xml version="1.0" encoding="utf-8"?>
<Solution xmlns="http://schemas.microsoft.com/sharepoint/" SolutionId="9ed117f3-bc23-45e5-8310-a918eb7bba6d" SharePointProductVersion="15.0">
  <Assemblies>
    <Assembly Location="Get_Set_SharePoint_Lookup_SSOM.dll" DeploymentTarget="GlobalAssemblyCache">
      <SafeControls>
        <SafeControl Assembly="Get_Set_SharePoint_Lookup_SSOM, Version=1.0.0.0, Culture=neutral, PublicKeyToken=9cd3529b9c382314" Namespace="Get_Set_SharePoint_Lookup_SSOM.Get_Set_LookupField" TypeName="*" />
      </SafeControls>
    </Assembly>
  </Assemblies>
  <TemplateFiles>
    <TemplateFile Location="CONTROLTEMPLATES\Get_Set_SharePoint_Lookup_SSOM\Get_Set_LookupField\Get_Set_LookupFieldUserControl.ascx" />
  </TemplateFiles>
  <FeatureManifests>
    <FeatureManifest Location="Get_Set_SharePoint_Lookup_SSOM_Lookup List Feature\Feature.xml" />
    <FeatureManifest Location="Get_Set_SharePoint_Lookup_SSOM_LookupField List Feature\Feature.xml" />
    <FeatureManifest Location="Get_Set_SharePoint_Lookup_SSOM_Get_Set_SharePoint_Lookup_SSOM WP\Feature.xml" />
  </FeatureManifests>
</Solution>
