﻿<?xml version="1.0" encoding="utf-8"?>
<Elements xmlns="http://schemas.microsoft.com/sharepoint/">
  <ListInstance Title="LookupList"
                OnQuickLaunch="TRUE"
                TemplateType="100"
                Url="Lists/LookupList"
                Description="My List Instance">

    <Data>
      <Rows>
        <Row>
          <Field Name="Title">M.Qassas Value1</Field>
        </Row>
        <Row>
          <Field Name="Title">M.Qassas Value2</Field>
        </Row>
      </Rows>
    </Data>
  </ListInstance>
 
  
</Elements>
